Tournament,Stage,Match Type,Match Name,Team A,Team B,Team A Score,Team B Score,Match Result
Champions Tour 2024: Americas Stage 2,Regular Season,Week 1,MIBR vs Leviatán,MIBR,Leviatán,0,2,Leviatán won
Champions Tour 2024: Americas Stage 2,Regular Season,Week 1,Sentinels vs NRG Esports,Sentinels,NRG Esports,2,0,Sentinels won
Champions Tour 2024: Americas Stage 2,Regular Season,Week 1,FURIA vs 100 Thieves,FURIA,100 Thieves,2,0,FURIA won
Champions Tour 2024: Americas Stage 2,Regular Season,Week 1,LOUD vs Evil Geniuses,LOUD,Evil Geniuses,1,2,Evil Geniuses won
Champions Tour 2024: Americas Stage 2,Regular Season,Week 1,G2 Esports vs Cloud9,G2 Esports,Cloud9,2,1,G2 Esports won
Champions Tour 2024: Americas Stage 2,Regular Season,Week 2,Evil Geniuses vs FURIA,Evil Geniuses,FURIA,2,0,Evil Geniuses won
Champions Tour 2024: Americas Stage 2,Regular Season,Week 2,Sentinels vs KRÜ Esports,Sentinels,KRÜ Esports,2,0,Sentinels won
Champions Tour 2024: Americas Stage 2,Regular Season,Week 2,LOUD vs MIBR,LOUD,MIBR,2,1,LOUD won
Champions Tour 2024: Americas Stage 2,Regular Season,Week 2,Leviatán vs 100 Thieves,Leviatán,100 Thieves,2,0,Leviatán won
Champions Tour 2024: Americas Stage 2,Regular Season,Week 2,NRG Esports vs G2 Esports,NRG Esports,G2 Esports,0,2,G2 Esports won
Champions Tour 2024: Americas Stage 2,Regular Season,Week 2,Sentinels vs Cloud9,Sentinels,Cloud9,2,0,Sentinels won
Champions Tour 2024: Americas Stage 2,Regular Season,Week 2,Evil Geniuses vs Leviatán,Evil Geniuses,Leviatán,0,2,Leviatán won
Champions Tour 2024: Americas Stage 2,Regular Season,Week 2,LOUD vs FURIA,LOUD,FURIA,1,2,FURIA won
Champions Tour 2024: Americas Stage 2,Regular Season,Week 2,MIBR vs 100 Thieves,MIBR,100 Thieves,0,2,100 Thieves won
Champions Tour 2024: Americas Stage 2,Regular Season,Week 2,NRG Esports vs KRÜ Esports,NRG Esports,KRÜ Esports,2,1,NRG Esports won
Champions Tour 2024: Americas Stage 2,Regular Season,Week 3,G2 Esports vs KRÜ Esports,G2 Esports,KRÜ Esports,2,1,G2 Esports won
Champions Tour 2024: Americas Stage 2,Regular Season,Week 3,LOUD vs Leviatán,LOUD,Leviatán,0,2,Leviatán won
Champions Tour 2024: Americas Stage 2,Regular Season,Week 3,MIBR vs FURIA,MIBR,FURIA,0,2,FURIA won
Champions Tour 2024: Americas Stage 2,Regular Season,Week 3,NRG Esports vs Cloud9,NRG Esports,Cloud9,1,2,Cloud9 won
Champions Tour 2024: Americas Stage 2,Regular Season,Week 3,Evil Geniuses vs 100 Thieves,Evil Geniuses,100 Thieves,1,2,100 Thieves won
Champions Tour 2024: Americas Stage 2,Regular Season,Week 4,Cloud9 vs KRÜ Esports,Cloud9,KRÜ Esports,0,2,KRÜ Esports won
Champions Tour 2024: Americas Stage 2,Regular Season,Week 4,Evil Geniuses vs MIBR,Evil Geniuses,MIBR,0,2,MIBR won
Champions Tour 2024: Americas Stage 2,Regular Season,Week 4,Leviatán vs FURIA,Leviatán,FURIA,2,0,Leviatán won
Champions Tour 2024: Americas Stage 2,Regular Season,Week 4,LOUD vs 100 Thieves,LOUD,100 Thieves,2,1,LOUD won
Champions Tour 2024: Americas Stage 2,Regular Season,Week 4,Sentinels vs G2 Esports,Sentinels,G2 Esports,0,2,G2 Esports won
Champions Tour 2024: Americas Stage 2,Playoffs,Knockout Round,KRÜ Esports vs Cloud9,KRÜ Esports,Cloud9,2,1,KRÜ Esports won
Champions Tour 2024: Americas Stage 2,Playoffs,Knockout Round,Sentinels vs 100 Thieves,Sentinels,100 Thieves,0,2,100 Thieves won
Champions Tour 2024: Americas Stage 2,Playoffs,Upper Semifinals,Leviatán vs KRÜ Esports,Leviatán,KRÜ Esports,2,0,Leviatán won
Champions Tour 2024: Americas Stage 2,Playoffs,Upper Semifinals,G2 Esports vs 100 Thieves,G2 Esports,100 Thieves,2,0,G2 Esports won
Champions Tour 2024: Americas Stage 2,Playoffs,Upper Final,Leviatán vs G2 Esports,Leviatán,G2 Esports,0,2,G2 Esports won
Champions Tour 2024: Americas Stage 2,Playoffs,Lower Round 1,KRÜ Esports vs 100 Thieves,KRÜ Esports,100 Thieves,2,1,KRÜ Esports won
Champions Tour 2024: Americas Stage 2,Playoffs,Lower Final,Leviatán vs KRÜ Esports,Leviatán,KRÜ Esports,3,2,Leviatán won
Champions Tour 2024: Americas Stage 2,Playoffs,Grand Final,G2 Esports vs Leviatán,G2 Esports,Leviatán,1,3,Leviatán won
Champions Tour 2024: China Stage 2,Regular Season,Week 1,Titan Esports Club vs JDG Esports,Titan Esports Club,JDG Esports,0,2,JDG Esports won
Champions Tour 2024: China Stage 2,Regular Season,Week 1,All Gamers vs TYLOO,All Gamers,TYLOO,2,0,All Gamers won
Champions Tour 2024: China Stage 2,Regular Season,Week 1,Bilibili Gaming vs Wolves Esports,Bilibili Gaming,Wolves Esports,2,0,Bilibili Gaming won
Champions Tour 2024: China Stage 2,Regular Season,Week 2,Dragon Ranger Gaming vs Nova Esports,Dragon Ranger Gaming,Nova Esports,1,2,Nova Esports won
Champions Tour 2024: China Stage 2,Regular Season,Week 2,FunPlus Phoenix vs Trace Esports,FunPlus Phoenix,Trace Esports,1,2,Trace Esports won
Champions Tour 2024: China Stage 2,Regular Season,Week 2,Titan Esports Club vs All Gamers,Titan Esports Club,All Gamers,0,2,All Gamers won
Champions Tour 2024: China Stage 2,Regular Season,Week 2,EDward Gaming vs Wolves Esports,EDward Gaming,Wolves Esports,1,2,Wolves Esports won
Champions Tour 2024: China Stage 2,Regular Season,Week 2,TYLOO vs Trace Esports,TYLOO,Trace Esports,1,2,Trace Esports won
Champions Tour 2024: China Stage 2,Regular Season,Week 2,Nova Esports vs Bilibili Gaming,Nova Esports,Bilibili Gaming,1,2,Bilibili Gaming won
Champions Tour 2024: China Stage 2,Regular Season,Week 3,JDG Esports vs FunPlus Phoenix,JDG Esports,FunPlus Phoenix,0,2,FunPlus Phoenix won
Champions Tour 2024: China Stage 2,Regular Season,Week 3,EDward Gaming vs Dragon Ranger Gaming,EDward Gaming,Dragon Ranger Gaming,0,2,Dragon Ranger Gaming won
Champions Tour 2024: China Stage 2,Regular Season,Week 3,Nova Esports vs Wolves Esports,Nova Esports,Wolves Esports,2,0,Nova Esports won
Champions Tour 2024: China Stage 2,Regular Season,Week 3,JDG Esports vs Trace Esports,JDG Esports,Trace Esports,2,1,JDG Esports won
Champions Tour 2024: China Stage 2,Regular Season,Week 3,Titan Esports Club vs TYLOO,Titan Esports Club,TYLOO,1,2,TYLOO won
Champions Tour 2024: China Stage 2,Regular Season,Week 3,All Gamers vs FunPlus Phoenix,All Gamers,FunPlus Phoenix,1,2,FunPlus Phoenix won
Champions Tour 2024: China Stage 2,Regular Season,Week 3,Bilibili Gaming vs Dragon Ranger Gaming,Bilibili Gaming,Dragon Ranger Gaming,2,0,Bilibili Gaming won
Champions Tour 2024: China Stage 2,Regular Season,Week 3,EDward Gaming vs Nova Esports,EDward Gaming,Nova Esports,2,0,EDward Gaming won
Champions Tour 2024: China Stage 2,Regular Season,Week 4,All Gamers vs Trace Esports,All Gamers,Trace Esports,0,2,Trace Esports won
Champions Tour 2024: China Stage 2,Regular Season,Week 4,Titan Esports Club vs FunPlus Phoenix,Titan Esports Club,FunPlus Phoenix,2,0,Titan Esports Club won
Champions Tour 2024: China Stage 2,Regular Season,Week 4,TYLOO vs JDG Esports,TYLOO,JDG Esports,0,2,JDG Esports won
Champions Tour 2024: China Stage 2,Regular Season,Week 4,Dragon Ranger Gaming vs Wolves Esports,Dragon Ranger Gaming,Wolves Esports,0,2,Wolves Esports won
Champions Tour 2024: China Stage 2,Regular Season,Week 4,Trace Esports vs Titan Esports Club,Trace Esports,Titan Esports Club,2,1,Trace Esports won
Champions Tour 2024: China Stage 2,Regular Season,Week 4,EDward Gaming vs Bilibili Gaming,EDward Gaming,Bilibili Gaming,2,0,EDward Gaming won
Champions Tour 2024: China Stage 2,Regular Season,Week 4,JDG Esports vs All Gamers,JDG Esports,All Gamers,2,0,JDG Esports won
Champions Tour 2024: China Stage 2,Regular Season,Week 4,TYLOO vs FunPlus Phoenix,TYLOO,FunPlus Phoenix,2,1,TYLOO won
Champions Tour 2024: China Stage 2,Playoffs,Knockout Round,Trace Esports vs All Gamers,Trace Esports,All Gamers,2,0,Trace Esports won
Champions Tour 2024: China Stage 2,Playoffs,Knockout Round,JDG Esports vs Bilibili Gaming,JDG Esports,Bilibili Gaming,0,2,Bilibili Gaming won
Champions Tour 2024: China Stage 2,Playoffs,Upper Semifinals,FunPlus Phoenix vs Trace Esports,FunPlus Phoenix,Trace Esports,0,2,Trace Esports won
Champions Tour 2024: China Stage 2,Playoffs,Upper Semifinals,EDward Gaming vs Bilibili Gaming,EDward Gaming,Bilibili Gaming,2,1,EDward Gaming won
Champions Tour 2024: China Stage 2,Playoffs,Upper Final,Trace Esports vs EDward Gaming,Trace Esports,EDward Gaming,0,2,EDward Gaming won
Champions Tour 2024: China Stage 2,Playoffs,Lower Round 1,FunPlus Phoenix vs Bilibili Gaming,FunPlus Phoenix,Bilibili Gaming,2,1,FunPlus Phoenix won
Champions Tour 2024: China Stage 2,Playoffs,Lower Final,Trace Esports vs FunPlus Phoenix,Trace Esports,FunPlus Phoenix,2,3,FunPlus Phoenix won
Champions Tour 2024: China Stage 2,Playoffs,Grand Final,EDward Gaming vs FunPlus Phoenix,EDward Gaming,FunPlus Phoenix,3,2,EDward Gaming won
Champions Tour 2024: Pacific Stage 2,Regular Season,Week 1,ZETA DIVISION vs DRX,ZETA DIVISION,DRX,1,2,DRX won
Champions Tour 2024: Pacific Stage 2,Regular Season,Week 1,Team Secret vs BLEED,Team Secret,BLEED,2,1,Team Secret won
Champions Tour 2024: Pacific Stage 2,Regular Season,Week 1,T1 vs Gen.G,T1,Gen.G,1,2,Gen.G won
Champions Tour 2024: Pacific Stage 2,Regular Season,Week 1,Paper Rex vs Talon Esports,Paper Rex,Talon Esports,2,0,Paper Rex won
Champions Tour 2024: Pacific Stage 2,Regular Season,Week 1,Rex Regum Qeon vs DetonatioN FocusMe,Rex Regum Qeon,DetonatioN FocusMe,2,0,Rex Regum Qeon won
Champions Tour 2024: Pacific Stage 2,Regular Season,Week 1,Team Secret vs Global Esports,Team Secret,Global Esports,2,0,Team Secret won
Champions Tour 2024: Pacific Stage 2,Regular Season,Week 2,Talon Esports vs Rex Regum Qeon,Talon Esports,Rex Regum Qeon,2,1,Talon Esports won
Champions Tour 2024: Pacific Stage 2,Regular Season,Week 2,Paper Rex vs DRX,Paper Rex,DRX,2,1,Paper Rex won
Champions Tour 2024: Pacific Stage 2,Regular Season,Week 2,Global Esports vs BLEED,Global Esports,BLEED,2,0,Global Esports won
Champions Tour 2024: Pacific Stage 2,Regular Season,Week 2,DetonatioN FocusMe vs ZETA DIVISION,DetonatioN FocusMe,ZETA DIVISION,2,1,DetonatioN FocusMe won
Champions Tour 2024: Pacific Stage 2,Regular Season,Week 2,DRX vs Rex Regum Qeon,DRX,Rex Regum Qeon,0,2,Rex Regum Qeon won
Champions Tour 2024: Pacific Stage 2,Regular Season,Week 2,Team Secret vs T1,Team Secret,T1,2,1,Team Secret won
Champions Tour 2024: Pacific Stage 2,Regular Season,Week 3,Talon Esports vs DetonatioN FocusMe,Talon Esports,DetonatioN FocusMe,2,0,Talon Esports won
Champions Tour 2024: Pacific Stage 2,Regular Season,Week 3,ZETA DIVISION vs Rex Regum Qeon,ZETA DIVISION,Rex Regum Qeon,0,2,Rex Regum Qeon won
Champions Tour 2024: Pacific Stage 2,Regular Season,Week 3,Global Esports vs T1,Global Esports,T1,1,2,T1 won
Champions Tour 2024: Pacific Stage 2,Regular Season,Week 3,BLEED vs Gen.G,BLEED,Gen.G,1,2,Gen.G won
Champions Tour 2024: Pacific Stage 2,Regular Season,Week 3,Paper Rex vs DetonatioN FocusMe,Paper Rex,DetonatioN FocusMe,2,0,Paper Rex won
Champions Tour 2024: Pacific Stage 2,Regular Season,Week 3,DRX vs Talon Esports,DRX,Talon Esports,2,1,DRX won
Champions Tour 2024: Pacific Stage 2,Regular Season,Week 4,Paper Rex vs Rex Regum Qeon,Paper Rex,Rex Regum Qeon,2,1,Paper Rex won
Champions Tour 2024: Pacific Stage 2,Regular Season,Week 4,Gen.G vs Global Esports,Gen.G,Global Esports,2,0,Gen.G won
Champions Tour 2024: Pacific Stage 2,Regular Season,Week 4,DRX vs DetonatioN FocusMe,DRX,DetonatioN FocusMe,2,1,DRX won
Champions Tour 2024: Pacific Stage 2,Regular Season,Week 4,ZETA DIVISION vs Talon Esports,ZETA DIVISION,Talon Esports,2,1,ZETA DIVISION won
Champions Tour 2024: Pacific Stage 2,Regular Season,Week 4,Gen.G vs Team Secret,Gen.G,Team Secret,1,2,Team Secret won
Champions Tour 2024: Pacific Stage 2,Regular Season,Week 4,Paper Rex vs ZETA DIVISION,Paper Rex,ZETA DIVISION,2,1,Paper Rex won
Champions Tour 2024: Pacific Stage 2,Regular Season,Week 4,T1 vs BLEED,T1,BLEED,2,1,T1 won
Champions Tour 2024: Pacific Stage 2,Playoffs,Knockout Round,Gen.G vs Rex Regum Qeon,Gen.G,Rex Regum Qeon,2,0,Gen.G won
Champions Tour 2024: Pacific Stage 2,Playoffs,Knockout Round,Team Secret vs Talon Esports,Team Secret,Talon Esports,0,2,Talon Esports won
Champions Tour 2024: Pacific Stage 2,Playoffs,Upper Semifinals,Paper Rex vs Gen.G,Paper Rex,Gen.G,0,2,Gen.G won
Champions Tour 2024: Pacific Stage 2,Playoffs,Upper Semifinals,DRX vs Talon Esports,DRX,Talon Esports,2,0,DRX won
Champions Tour 2024: Pacific Stage 2,Playoffs,Upper Final,Gen.G vs DRX,Gen.G,DRX,2,1,Gen.G won
Champions Tour 2024: Pacific Stage 2,Playoffs,Lower Round 1,Paper Rex vs Talon Esports,Paper Rex,Talon Esports,2,0,Paper Rex won
Champions Tour 2024: Pacific Stage 2,Playoffs,Lower Final,DRX vs Paper Rex,DRX,Paper Rex,3,2,DRX won
Champions Tour 2024: Pacific Stage 2,Playoffs,Grand Final,Gen.G vs DRX,Gen.G,DRX,3,1,Gen.G won
Champions Tour 2024: EMEA Stage 2,Regular Season,Week 1,FUT Esports vs KOI,FUT Esports,KOI,2,1,FUT Esports won
Champions Tour 2024: EMEA Stage 2,Regular Season,Week 1,BBL Esports vs FNATIC,BBL Esports,FNATIC,1,2,FNATIC won
Champions Tour 2024: EMEA Stage 2,Regular Season,Week 1,Team Heretics vs Natus Vincere,Team Heretics,Natus Vincere,2,0,Team Heretics won
Champions Tour 2024: EMEA Stage 2,Regular Season,Week 1,GIANTX vs Gentle Mates,GIANTX,Gentle Mates,2,1,GIANTX won
Champions Tour 2024: EMEA Stage 2,Regular Season,Week 1,Team Vitality vs Team Liquid,Team Vitality,Team Liquid,2,0,Team Vitality won
Champions Tour 2024: EMEA Stage 2,Regular Season,Week 1,BBL Esports vs Karmine Corp,BBL Esports,Karmine Corp,0,2,Karmine Corp won
Champions Tour 2024: EMEA Stage 2,Regular Season,Week 1,Natus Vincere vs FUT Esports,Natus Vincere,FUT Esports,0,2,FUT Esports won
Champions Tour 2024: EMEA Stage 2,Regular Season,Week 2,KOI vs GIANTX,KOI,GIANTX,2,0,KOI won
Champions Tour 2024: EMEA Stage 2,Regular Season,Week 2,Team Heretics vs FUT Esports,Team Heretics,FUT Esports,2,0,Team Heretics won
Champions Tour 2024: EMEA Stage 2,Regular Season,Week 2,FNATIC vs Team Vitality,FNATIC,Team Vitality,2,1,FNATIC won
Champions Tour 2024: EMEA Stage 2,Regular Season,Week 2,BBL Esports vs Team Liquid,BBL Esports,Team Liquid,2,0,BBL Esports won
Champions Tour 2024: EMEA Stage 2,Regular Season,Week 2,Natus Vincere vs GIANTX,Natus Vincere,GIANTX,0,2,GIANTX won
Champions Tour 2024: EMEA Stage 2,Regular Season,Week 2,KOI vs Gentle Mates,KOI,Gentle Mates,0,2,Gentle Mates won
Champions Tour 2024: EMEA Stage 2,Regular Season,Week 2,FNATIC vs Karmine Corp,FNATIC,Karmine Corp,2,0,FNATIC won
Champions Tour 2024: EMEA Stage 2,Regular Season,Week 3,Team Heretics vs GIANTX,Team Heretics,GIANTX,2,1,Team Heretics won
Champions Tour 2024: EMEA Stage 2,Regular Season,Week 3,FUT Esports vs Gentle Mates,FUT Esports,Gentle Mates,2,0,FUT Esports won
Champions Tour 2024: EMEA Stage 2,Regular Season,Week 3,KOI vs Natus Vincere,KOI,Natus Vincere,2,0,KOI won
Champions Tour 2024: EMEA Stage 2,Regular Season,Week 3,Team Liquid vs Karmine Corp,Team Liquid,Karmine Corp,2,0,Team Liquid won
Champions Tour 2024: EMEA Stage 2,Regular Season,Week 3,BBL Esports vs Team Vitality,BBL Esports,Team Vitality,1,2,Team Vitality won
Champions Tour 2024: EMEA Stage 2,Regular Season,Week 3,Team Heretics vs Gentle Mates,Team Heretics,Gentle Mates,2,1,Team Heretics won
Champions Tour 2024: EMEA Stage 2,Regular Season,Week 4,FUT Esports vs GIANTX,FUT Esports,GIANTX,2,0,FUT Esports won
Champions Tour 2024: EMEA Stage 2,Regular Season,Week 4,Team Heretics vs KOI,Team Heretics,KOI,2,1,Team Heretics won
Champions Tour 2024: EMEA Stage 2,Regular Season,Week 4,FNATIC vs Team Liquid,FNATIC,Team Liquid,2,0,FNATIC won
Champions Tour 2024: EMEA Stage 2,Regular Season,Week 4,Natus Vincere vs Gentle Mates,Natus Vincere,Gentle Mates,2,1,Natus Vincere won
Champions Tour 2024: EMEA Stage 2,Regular Season,Week 4,Team Vitality vs Karmine Corp,Team Vitality,Karmine Corp,2,1,Team Vitality won
Champions Tour 2024: EMEA Stage 2,Playoffs,Knockout Round,Team Vitality vs Natus Vincere,Team Vitality,Natus Vincere,2,1,Team Vitality won
Champions Tour 2024: EMEA Stage 2,Playoffs,Knockout Round,FNATIC vs Karmine Corp,FNATIC,Karmine Corp,2,1,FNATIC won
Champions Tour 2024: EMEA Stage 2,Playoffs,Upper Semifinals,Team Heretics vs Team Vitality,Team Heretics,Team Vitality,1,2,Team Vitality won
Champions Tour 2024: EMEA Stage 2,Playoffs,Upper Semifinals,FUT Esports vs FNATIC,FUT Esports,FNATIC,0,2,FNATIC won
Champions Tour 2024: EMEA Stage 2,Playoffs,Upper Final,Team Vitality vs FNATIC,Team Vitality,FNATIC,0,2,FNATIC won
Champions Tour 2024: EMEA Stage 2,Playoffs,Lower Round 1,Team Heretics vs FUT Esports,Team Heretics,FUT Esports,2,0,Team Heretics won
Champions Tour 2024: EMEA Stage 2,Playoffs,Lower Final,Team Vitality vs Team Heretics,Team Vitality,Team Heretics,3,1,Team Vitality won
Champions Tour 2024: EMEA Stage 2,Playoffs,Grand Final,FNATIC vs Team Vitality,FNATIC,Team Vitality,3,1,FNATIC won
Champions Tour 2024: Masters Shanghai,Swiss Stage,Round 1,G2 Esports vs T1,G2 Esports,T1,2,1,G2 Esports won
Champions Tour 2024: Masters Shanghai,Swiss Stage,Round 1,FunPlus Phoenix vs FUT Esports,FunPlus Phoenix,FUT Esports,2,1,FunPlus Phoenix won
Champions Tour 2024: Masters Shanghai,Swiss Stage,Round 1,Gen.G vs Leviatán,Gen.G,Leviatán,2,1,Gen.G won
Champions Tour 2024: Masters Shanghai,Swiss Stage,Round 1,Team Heretics vs Dragon Ranger Gaming,Team Heretics,Dragon Ranger Gaming,2,0,Team Heretics won
Champions Tour 2024: Masters Shanghai,Swiss Stage,Round 2,FunPlus Phoenix vs Gen.G,FunPlus Phoenix,Gen.G,1,2,Gen.G won
Champions Tour 2024: Masters Shanghai,Swiss Stage,Round 2,G2 Esports vs Team Heretics,G2 Esports,Team Heretics,2,1,G2 Esports won
Champions Tour 2024: Masters Shanghai,Swiss Stage,Round 2,Leviatán vs T1,Leviatán,T1,2,0,Leviatán won
Champions Tour 2024: Masters Shanghai,Swiss Stage,Round 2,Dragon Ranger Gaming vs FUT Esports,Dragon Ranger Gaming,FUT Esports,0,2,FUT Esports won
Champions Tour 2024: Masters Shanghai,Swiss Stage,Round 3,FunPlus Phoenix vs Team Heretics,FunPlus Phoenix,Team Heretics,1,2,Team Heretics won
Champions Tour 2024: Masters Shanghai,Swiss Stage,Round 3,FUT Esports vs Leviatán,FUT Esports,Leviatán,2,1,FUT Esports won
Champions Tour 2024: Masters Shanghai,Playoffs,Upper Quarterfinals,100 Thieves vs FUT Esports,100 Thieves,FUT Esports,2,0,100 Thieves won
Champions Tour 2024: Masters Shanghai,Playoffs,Upper Quarterfinals,FNATIC vs Gen.G,FNATIC,Gen.G,1,2,Gen.G won
Champions Tour 2024: Masters Shanghai,Playoffs,Upper Quarterfinals,Paper Rex vs G2 Esports,Paper Rex,G2 Esports,1,2,G2 Esports won
Champions Tour 2024: Masters Shanghai,Playoffs,Upper Quarterfinals,EDward Gaming vs Team Heretics,EDward Gaming,Team Heretics,0,2,Team Heretics won
Champions Tour 2024: Masters Shanghai,Playoffs,Lower Round 1,FUT Esports vs FNATIC,FUT Esports,FNATIC,2,1,FUT Esports won
Champions Tour 2024: Masters Shanghai,Playoffs,Lower Round 1,Paper Rex vs EDward Gaming,Paper Rex,EDward Gaming,2,0,Paper Rex won
Champions Tour 2024: Masters Shanghai,Playoffs,Upper Semifinals,100 Thieves vs Gen.G,100 Thieves,Gen.G,0,2,Gen.G won
Champions Tour 2024: Masters Shanghai,Playoffs,Upper Semifinals,G2 Esports vs Team Heretics,G2 Esports,Team Heretics,2,1,G2 Esports won
Champions Tour 2024: Masters Shanghai,Playoffs,Lower Round 2,100 Thieves vs Paper Rex,100 Thieves,Paper Rex,2,1,100 Thieves won
Champions Tour 2024: Masters Shanghai,Playoffs,Lower Round 2,Team Heretics vs FUT Esports,Team Heretics,FUT Esports,2,0,Team Heretics won
Champions Tour 2024: Masters Shanghai,Playoffs,Upper Final,G2 Esports vs Gen.G,G2 Esports,Gen.G,0,2,Gen.G won
Champions Tour 2024: Masters Shanghai,Playoffs,Lower Round 3,100 Thieves vs Team Heretics,100 Thieves,Team Heretics,0,2,Team Heretics won
Champions Tour 2024: Masters Shanghai,Playoffs,Lower Final,G2 Esports vs Team Heretics,G2 Esports,Team Heretics,0,3,Team Heretics won
Champions Tour 2024: Masters Shanghai,Playoffs,Grand Final,Gen.G vs Team Heretics,Gen.G,Team Heretics,3,2,Gen.G won
Champions Tour 2024: China Stage 1,Regular Season,Week 1,Bilibili Gaming vs TYLOO,Bilibili Gaming,TYLOO,2,1,Bilibili Gaming won
Champions Tour 2024: China Stage 1,Regular Season,Week 1,Wolves Esports vs Titan Esports Club,Wolves Esports,Titan Esports Club,1,2,Titan Esports Club won
Champions Tour 2024: China Stage 1,Regular Season,Week 1,Dragon Ranger Gaming vs All Gamers,Dragon Ranger Gaming,All Gamers,1,2,All Gamers won
Champions Tour 2024: China Stage 1,Regular Season,Week 1,EDward Gaming vs JDG Esports,EDward Gaming,JDG Esports,2,1,EDward Gaming won
Champions Tour 2024: China Stage 1,Regular Season,Week 1,Nova Esports vs Trace Esports,Nova Esports,Trace Esports,0,2,Trace Esports won
Champions Tour 2024: China Stage 1,Regular Season,Week 1,FunPlus Phoenix vs Wolves Esports,FunPlus Phoenix,Wolves Esports,2,0,FunPlus Phoenix won
Champions Tour 2024: China Stage 1,Regular Season,Week 2,JDG Esports vs Nova Esports,JDG Esports,Nova Esports,1,2,Nova Esports won
Champions Tour 2024: China Stage 1,Regular Season,Week 2,FunPlus Phoenix vs Dragon Ranger Gaming,FunPlus Phoenix,Dragon Ranger Gaming,2,1,FunPlus Phoenix won
Champions Tour 2024: China Stage 1,Regular Season,Week 2,All Gamers vs Wolves Esports,All Gamers,Wolves Esports,0,2,Wolves Esports won
Champions Tour 2024: China Stage 1,Regular Season,Week 2,Trace Esports vs Bilibili Gaming,Trace Esports,Bilibili Gaming,2,1,Trace Esports won
Champions Tour 2024: China Stage 1,Regular Season,Week 2,Dragon Ranger Gaming vs Titan Esports Club,Dragon Ranger Gaming,Titan Esports Club,2,1,Dragon Ranger Gaming won
Champions Tour 2024: China Stage 1,Regular Season,Week 2,TYLOO vs EDward Gaming,TYLOO,EDward Gaming,0,2,EDward Gaming won
Champions Tour 2024: China Stage 1,Regular Season,Week 3,Wolves Esports vs Trace Esports,Wolves Esports,Trace Esports,0,2,Trace Esports won
Champions Tour 2024: China Stage 1,Regular Season,Week 3,Nova Esports vs FunPlus Phoenix,Nova Esports,FunPlus Phoenix,0,2,FunPlus Phoenix won
Champions Tour 2024: China Stage 1,Regular Season,Week 3,Bilibili Gaming vs All Gamers,Bilibili Gaming,All Gamers,0,2,All Gamers won
Champions Tour 2024: China Stage 1,Regular Season,Week 3,Dragon Ranger Gaming vs JDG Esports,Dragon Ranger Gaming,JDG Esports,2,1,Dragon Ranger Gaming won
Champions Tour 2024: China Stage 1,Regular Season,Week 3,TYLOO vs Nova Esports,TYLOO,Nova Esports,2,1,TYLOO won
Champions Tour 2024: China Stage 1,Regular Season,Week 3,EDward Gaming vs Titan Esports Club,EDward Gaming,Titan Esports Club,2,0,EDward Gaming won
Champions Tour 2024: China Stage 1,Regular Season,Week 4,Titan Esports Club vs Bilibili Gaming,Titan Esports Club,Bilibili Gaming,2,1,Titan Esports Club won
Champions Tour 2024: China Stage 1,Regular Season,Week 4,Trace Esports vs Dragon Ranger Gaming,Trace Esports,Dragon Ranger Gaming,0,2,Dragon Ranger Gaming won
Champions Tour 2024: China Stage 1,Regular Season,Week 4,TYLOO vs Wolves Esports,TYLOO,Wolves Esports,1,2,Wolves Esports won
Champions Tour 2024: China Stage 1,Regular Season,Week 4,FunPlus Phoenix vs EDward Gaming,FunPlus Phoenix,EDward Gaming,2,1,FunPlus Phoenix won
Champions Tour 2024: China Stage 1,Regular Season,Week 4,All Gamers vs Nova Esports,All Gamers,Nova Esports,2,1,All Gamers won
Champions Tour 2024: China Stage 1,Regular Season,Week 4,Bilibili Gaming vs JDG Esports,Bilibili Gaming,JDG Esports,2,0,Bilibili Gaming won
Champions Tour 2024: China Stage 1,Regular Season,Week 5,EDward Gaming vs All Gamers,EDward Gaming,All Gamers,2,0,EDward Gaming won
Champions Tour 2024: China Stage 1,Regular Season,Week 5,Wolves Esports vs JDG Esports,Wolves Esports,JDG Esports,0,2,JDG Esports won
Champions Tour 2024: China Stage 1,Regular Season,Week 5,Dragon Ranger Gaming vs TYLOO,Dragon Ranger Gaming,TYLOO,0,2,TYLOO won
Champions Tour 2024: China Stage 1,Regular Season,Week 5,Bilibili Gaming vs FunPlus Phoenix,Bilibili Gaming,FunPlus Phoenix,0,2,FunPlus Phoenix won
Champions Tour 2024: China Stage 1,Regular Season,Week 5,Nova Esports vs Titan Esports Club,Nova Esports,Titan Esports Club,2,0,Nova Esports won
Champions Tour 2024: China Stage 1,Regular Season,Week 5,Trace Esports vs EDward Gaming,Trace Esports,EDward Gaming,0,2,EDward Gaming won
Champions Tour 2024: China Stage 1,Playoffs,Knockout Round,Trace Esports vs All Gamers,Trace Esports,All Gamers,2,0,Trace Esports won
Champions Tour 2024: China Stage 1,Playoffs,Knockout Round,Dragon Ranger Gaming vs Nova Esports,Dragon Ranger Gaming,Nova Esports,2,0,Dragon Ranger Gaming won
Champions Tour 2024: China Stage 1,Playoffs,Upper Semifinals,FunPlus Phoenix vs Trace Esports,FunPlus Phoenix,Trace Esports,2,0,FunPlus Phoenix won
Champions Tour 2024: China Stage 1,Playoffs,Upper Semifinals,EDward Gaming vs Dragon Ranger Gaming,EDward Gaming,Dragon Ranger Gaming,2,0,EDward Gaming won
Champions Tour 2024: China Stage 1,Playoffs,Upper Final,FunPlus Phoenix vs EDward Gaming,FunPlus Phoenix,EDward Gaming,2,0,FunPlus Phoenix won
Champions Tour 2024: China Stage 1,Playoffs,Lower Round 1,Trace Esports vs Dragon Ranger Gaming,Trace Esports,Dragon Ranger Gaming,1,2,Dragon Ranger Gaming won
Champions Tour 2024: China Stage 1,Playoffs,Lower Final,EDward Gaming vs Dragon Ranger Gaming,EDward Gaming,Dragon Ranger Gaming,3,1,EDward Gaming won
Champions Tour 2024: China Stage 1,Playoffs,Grand Final,FunPlus Phoenix vs EDward Gaming,FunPlus Phoenix,EDward Gaming,1,3,EDward Gaming won
Champions Tour 2024: Americas Stage 1,Regular Season,Week 1,Cloud9 vs Leviatán,Cloud9,Leviatán,2,1,Cloud9 won
Champions Tour 2024: Americas Stage 1,Regular Season,Week 1,NRG Esports vs LOUD,NRG Esports,LOUD,2,0,NRG Esports won
Champions Tour 2024: Americas Stage 1,Regular Season,Week 1,G2 Esports vs Evil Geniuses,G2 Esports,Evil Geniuses,2,0,G2 Esports won
Champions Tour 2024: Americas Stage 1,Regular Season,Week 1,Sentinels vs 100 Thieves,Sentinels,100 Thieves,2,0,Sentinels won
Champions Tour 2024: Americas Stage 1,Regular Season,Week 1,KRÜ Esports vs FURIA,KRÜ Esports,FURIA,2,1,KRÜ Esports won
Champions Tour 2024: Americas Stage 1,Regular Season,Week 2,G2 Esports vs 100 Thieves,G2 Esports,100 Thieves,0,2,100 Thieves won
Champions Tour 2024: Americas Stage 1,Regular Season,Week 2,Sentinels vs Leviatán,Sentinels,Leviatán,0,2,Leviatán won
Champions Tour 2024: Americas Stage 1,Regular Season,Week 2,KRÜ Esports vs MIBR,KRÜ Esports,MIBR,2,0,KRÜ Esports won
Champions Tour 2024: Americas Stage 1,Regular Season,Week 2,NRG Esports vs FURIA,NRG Esports,FURIA,2,0,NRG Esports won
Champions Tour 2024: Americas Stage 1,Regular Season,Week 2,Cloud9 vs Evil Geniuses,Cloud9,Evil Geniuses,2,1,Cloud9 won
Champions Tour 2024: Americas Stage 1,Regular Season,Week 3,Sentinels vs MIBR,Sentinels,MIBR,2,0,Sentinels won
Champions Tour 2024: Americas Stage 1,Regular Season,Week 3,Cloud9 vs LOUD,Cloud9,LOUD,2,1,Cloud9 won
Champions Tour 2024: Americas Stage 1,Regular Season,Week 3,KRÜ Esports vs Evil Geniuses,KRÜ Esports,Evil Geniuses,2,0,KRÜ Esports won
Champions Tour 2024: Americas Stage 1,Regular Season,Week 3,NRG Esports vs Leviatán,NRG Esports,Leviatán,0,2,Leviatán won
Champions Tour 2024: Americas Stage 1,Regular Season,Week 3,G2 Esports vs FURIA,G2 Esports,FURIA,2,0,G2 Esports won
Champions Tour 2024: Americas Stage 1,Regular Season,Week 3,Cloud9 vs 100 Thieves,Cloud9,100 Thieves,0,2,100 Thieves won
Champions Tour 2024: Americas Stage 1,Regular Season,Week 3,Sentinels vs Evil Geniuses,Sentinels,Evil Geniuses,1,2,Evil Geniuses won
Champions Tour 2024: Americas Stage 1,Regular Season,Week 3,NRG Esports vs MIBR,NRG Esports,MIBR,2,0,NRG Esports won
Champions Tour 2024: Americas Stage 1,Regular Season,Week 3,G2 Esports vs Leviatán,G2 Esports,Leviatán,1,2,Leviatán won
Champions Tour 2024: Americas Stage 1,Regular Season,Week 3,KRÜ Esports vs LOUD,KRÜ Esports,LOUD,2,0,KRÜ Esports won
Champions Tour 2024: Americas Stage 1,Regular Season,Week 4,G2 Esports vs MIBR,G2 Esports,MIBR,2,0,G2 Esports won
Champions Tour 2024: Americas Stage 1,Regular Season,Week 4,Sentinels vs LOUD,Sentinels,LOUD,0,2,LOUD won
Champions Tour 2024: Americas Stage 1,Regular Season,Week 4,Cloud9 vs FURIA,Cloud9,FURIA,2,1,Cloud9 won
Champions Tour 2024: Americas Stage 1,Regular Season,Week 4,NRG Esports vs Evil Geniuses,NRG Esports,Evil Geniuses,1,2,Evil Geniuses won
Champions Tour 2024: Americas Stage 1,Regular Season,Week 4,KRÜ Esports vs 100 Thieves,KRÜ Esports,100 Thieves,2,1,KRÜ Esports won
Champions Tour 2024: Americas Stage 1,Regular Season,Week 5,Sentinels vs FURIA,Sentinels,FURIA,2,0,Sentinels won
Champions Tour 2024: Americas Stage 1,Regular Season,Week 5,NRG Esports vs 100 Thieves,NRG Esports,100 Thieves,0,2,100 Thieves won
Champions Tour 2024: Americas Stage 1,Regular Season,Week 5,KRÜ Esports vs Leviatán,KRÜ Esports,Leviatán,1,2,Leviatán won
Champions Tour 2024: Americas Stage 1,Regular Season,Week 5,Cloud9 vs MIBR,Cloud9,MIBR,2,0,Cloud9 won
Champions Tour 2024: Americas Stage 1,Regular Season,Week 5,G2 Esports vs LOUD,G2 Esports,LOUD,0,2,LOUD won
Champions Tour 2024: Americas Stage 1,Playoffs,Knockout Round,Cloud9 vs G2 Esports,Cloud9,G2 Esports,0,2,G2 Esports won
Champions Tour 2024: Americas Stage 1,Playoffs,Knockout Round,100 Thieves vs LOUD,100 Thieves,LOUD,2,0,100 Thieves won
Champions Tour 2024: Americas Stage 1,Playoffs,Upper Semifinals,KRÜ Esports vs G2 Esports,KRÜ Esports,G2 Esports,0,2,G2 Esports won
Champions Tour 2024: Americas Stage 1,Playoffs,Upper Semifinals,Leviatán vs 100 Thieves,Leviatán,100 Thieves,1,2,100 Thieves won
Champions Tour 2024: Americas Stage 1,Playoffs,Upper Final,G2 Esports vs 100 Thieves,G2 Esports,100 Thieves,1,2,100 Thieves won
Champions Tour 2024: Americas Stage 1,Playoffs,Lower Round 1,KRÜ Esports vs Leviatán,KRÜ Esports,Leviatán,1,2,Leviatán won
Champions Tour 2024: Americas Stage 1,Playoffs,Lower Final,G2 Esports vs Leviatán,G2 Esports,Leviatán,3,2,G2 Esports won
Champions Tour 2024: Americas Stage 1,Playoffs,Grand Final,100 Thieves vs G2 Esports,100 Thieves,G2 Esports,3,0,100 Thieves won
Champions Tour 2024: EMEA Stage 1,Regular Season,Week 1,Karmine Corp vs GIANTX,Karmine Corp,GIANTX,2,0,Karmine Corp won
Champions Tour 2024: EMEA Stage 1,Regular Season,Week 1,KOI vs Team Liquid,KOI,Team Liquid,0,2,Team Liquid won
Champions Tour 2024: EMEA Stage 1,Regular Season,Week 1,Team Vitality vs Natus Vincere,Team Vitality,Natus Vincere,0,2,Natus Vincere won
Champions Tour 2024: EMEA Stage 1,Regular Season,Week 1,FNATIC vs Team Heretics,FNATIC,Team Heretics,0,2,Team Heretics won
Champions Tour 2024: EMEA Stage 1,Regular Season,Week 1,Team Liquid vs FUT Esports,Team Liquid,FUT Esports,0,2,FUT Esports won
Champions Tour 2024: EMEA Stage 1,Regular Season,Week 1,BBL Esports vs Gentle Mates,BBL Esports,Gentle Mates,0,2,Gentle Mates won
Champions Tour 2024: EMEA Stage 1,Regular Season,Week 2,Karmine Corp vs FUT Esports,Karmine Corp,FUT Esports,1,2,FUT Esports won
Champions Tour 2024: EMEA Stage 1,Regular Season,Week 2,Team Vitality vs Team Heretics,Team Vitality,Team Heretics,2,1,Team Vitality won
Champions Tour 2024: EMEA Stage 1,Regular Season,Week 2,Team Liquid vs Natus Vincere,Team Liquid,Natus Vincere,1,2,Natus Vincere won
Champions Tour 2024: EMEA Stage 1,Regular Season,Week 2,BBL Esports vs KOI,BBL Esports,KOI,2,0,BBL Esports won
Champions Tour 2024: EMEA Stage 1,Regular Season,Week 2,FNATIC vs GIANTX,FNATIC,GIANTX,2,1,FNATIC won
Champions Tour 2024: EMEA Stage 1,Regular Season,Week 2,Karmine Corp vs Gentle Mates,Karmine Corp,Gentle Mates,2,0,Karmine Corp won
Champions Tour 2024: EMEA Stage 1,Regular Season,Week 3,Gentle Mates vs FNATIC,Gentle Mates,FNATIC,0,2,FNATIC won
Champions Tour 2024: EMEA Stage 1,Regular Season,Week 3,Karmine Corp vs Natus Vincere,Karmine Corp,Natus Vincere,1,2,Natus Vincere won
Champions Tour 2024: EMEA Stage 1,Regular Season,Week 3,BBL Esports vs Team Heretics,BBL Esports,Team Heretics,2,0,BBL Esports won
Champions Tour 2024: EMEA Stage 1,Regular Season,Week 3,Team Vitality vs FUT Esports,Team Vitality,FUT Esports,2,1,Team Vitality won
Champions Tour 2024: EMEA Stage 1,Regular Season,Week 3,Team Liquid vs GIANTX,Team Liquid,GIANTX,2,1,Team Liquid won
Champions Tour 2024: EMEA Stage 1,Regular Season,Week 3,FNATIC vs KOI,FNATIC,KOI,2,0,FNATIC won
Champions Tour 2024: EMEA Stage 1,Regular Season,Week 4,Team Liquid vs Team Heretics,Team Liquid,Team Heretics,0,2,Team Heretics won
Champions Tour 2024: EMEA Stage 1,Regular Season,Week 4,Team Vitality vs Gentle Mates,Team Vitality,Gentle Mates,0,2,Gentle Mates won
Champions Tour 2024: EMEA Stage 1,Regular Season,Week 4,FNATIC vs FUT Esports,FNATIC,FUT Esports,0,2,FUT Esports won
Champions Tour 2024: EMEA Stage 1,Regular Season,Week 4,BBL Esports vs Natus Vincere,BBL Esports,Natus Vincere,2,1,BBL Esports won
Champions Tour 2024: EMEA Stage 1,Regular Season,Week 4,Team Vitality vs GIANTX,Team Vitality,GIANTX,2,1,Team Vitality won
Champions Tour 2024: EMEA Stage 1,Regular Season,Week 4,Karmine Corp vs KOI,Karmine Corp,KOI,2,1,Karmine Corp won
Champions Tour 2024: EMEA Stage 1,Regular Season,Week 5,BBL Esports vs GIANTX,BBL Esports,GIANTX,0,2,GIANTX won
Champions Tour 2024: EMEA Stage 1,Regular Season,Week 5,Karmine Corp vs Team Heretics,Karmine Corp,Team Heretics,1,2,Team Heretics won
Champions Tour 2024: EMEA Stage 1,Regular Season,Week 5,Team Vitality vs KOI,Team Vitality,KOI,1,2,KOI won
Champions Tour 2024: EMEA Stage 1,Regular Season,Week 5,Natus Vincere vs FNATIC,Natus Vincere,FNATIC,2,1,Natus Vincere won
Champions Tour 2024: EMEA Stage 1,Regular Season,Week 5,Team Liquid vs Gentle Mates,Team Liquid,Gentle Mates,2,0,Team Liquid won
Champions Tour 2024: EMEA Stage 1,Regular Season,Week 5,BBL Esports vs FUT Esports,BBL Esports,FUT Esports,0,2,FUT Esports won
Champions Tour 2024: EMEA Stage 1,Playoffs,Knockout Round,FNATIC vs Team Liquid,FNATIC,Team Liquid,2,1,FNATIC won
Champions Tour 2024: EMEA Stage 1,Playoffs,Knockout Round,Natus Vincere vs Team Heretics,Natus Vincere,Team Heretics,0,2,Team Heretics won
Champions Tour 2024: EMEA Stage 1,Playoffs,Upper Semifinals,Karmine Corp vs FNATIC,Karmine Corp,FNATIC,0,2,FNATIC won
Champions Tour 2024: EMEA Stage 1,Playoffs,Upper Semifinals,FUT Esports vs Team Heretics,FUT Esports,Team Heretics,0,2,Team Heretics won
Champions Tour 2024: EMEA Stage 1,Playoffs,Upper Final,FNATIC vs Team Heretics,FNATIC,Team Heretics,0,2,Team Heretics won
Champions Tour 2024: EMEA Stage 1,Playoffs,Lower Round 1,Karmine Corp vs FUT Esports,Karmine Corp,FUT Esports,0,2,FUT Esports won
Champions Tour 2024: EMEA Stage 1,Playoffs,Lower Final,FNATIC vs FUT Esports,FNATIC,FUT Esports,3,1,FNATIC won
Champions Tour 2024: EMEA Stage 1,Playoffs,Grand Final,Team Heretics vs FNATIC,Team Heretics,FNATIC,2,3,FNATIC won
Champions Tour 2024: Pacific Stage 1,Regular Season,Week 1,Global Esports vs ZETA DIVISION,Global Esports,ZETA DIVISION,1,2,ZETA DIVISION won
Champions Tour 2024: Pacific Stage 1,Regular Season,Week 1,Team Secret vs DRX,Team Secret,DRX,0,2,DRX won
Champions Tour 2024: Pacific Stage 1,Regular Season,Week 1,BLEED vs Talon Esports,BLEED,Talon Esports,1,2,Talon Esports won
Champions Tour 2024: Pacific Stage 1,Regular Season,Week 1,T1 vs Paper Rex,T1,Paper Rex,0,2,Paper Rex won
Champions Tour 2024: Pacific Stage 1,Regular Season,Week 1,Team Secret vs Rex Regum Qeon,Team Secret,Rex Regum Qeon,1,2,Rex Regum Qeon won
Champions Tour 2024: Pacific Stage 1,Regular Season,Week 1,Global Esports vs DRX,Global Esports,DRX,0,2,DRX won
Champions Tour 2024: Pacific Stage 1,Regular Season,Week 1,Gen.G vs Talon Esports,Gen.G,Talon Esports,2,0,Gen.G won
Champions Tour 2024: Pacific Stage 1,Regular Season,Week 1,T1 vs DetonatioN FocusMe,T1,DetonatioN FocusMe,1,2,DetonatioN FocusMe won
Champions Tour 2024: Pacific Stage 1,Regular Season,Week 2,Gen.G vs Paper Rex,Gen.G,Paper Rex,1,2,Paper Rex won
Champions Tour 2024: Pacific Stage 1,Regular Season,Week 2,T1 vs DRX,T1,DRX,1,2,DRX won
Champions Tour 2024: Pacific Stage 1,Regular Season,Week 2,Team Secret vs ZETA DIVISION,Team Secret,ZETA DIVISION,2,1,Team Secret won
Champions Tour 2024: Pacific Stage 1,Regular Season,Week 2,BLEED vs Rex Regum Qeon,BLEED,Rex Regum Qeon,0,2,Rex Regum Qeon won
Champions Tour 2024: Pacific Stage 1,Regular Season,Week 2,Gen.G vs DetonatioN FocusMe,Gen.G,DetonatioN FocusMe,2,0,Gen.G won
Champions Tour 2024: Pacific Stage 1,Regular Season,Week 2,Global Esports vs Talon Esports,Global Esports,Talon Esports,1,2,Talon Esports won
Champions Tour 2024: Pacific Stage 1,Regular Season,Week 2,T1 vs Rex Regum Qeon,T1,Rex Regum Qeon,2,0,T1 won
Champions Tour 2024: Pacific Stage 1,Regular Season,Week 2,BLEED vs ZETA DIVISION,BLEED,ZETA DIVISION,1,2,ZETA DIVISION won
Champions Tour 2024: Pacific Stage 1,Regular Season,Week 3,Gen.G vs DRX,Gen.G,DRX,1,2,DRX won
Champions Tour 2024: Pacific Stage 1,Regular Season,Week 3,BLEED vs DetonatioN FocusMe,BLEED,DetonatioN FocusMe,2,1,BLEED won
Champions Tour 2024: Pacific Stage 1,Regular Season,Week 3,Global Esports vs Rex Regum Qeon,Global Esports,Rex Regum Qeon,2,0,Global Esports won
Champions Tour 2024: Pacific Stage 1,Regular Season,Week 3,Team Secret vs Paper Rex,Team Secret,Paper Rex,2,0,Team Secret won
Champions Tour 2024: Pacific Stage 1,Regular Season,Week 3,T1 vs Talon Esports,T1,Talon Esports,0,2,Talon Esports won
Champions Tour 2024: Pacific Stage 1,Regular Season,Week 3,Gen.G vs ZETA DIVISION,Gen.G,ZETA DIVISION,2,0,Gen.G won
Champions Tour 2024: Pacific Stage 1,Regular Season,Week 3,Team Secret vs DetonatioN FocusMe,Team Secret,DetonatioN FocusMe,2,1,Team Secret won
Champions Tour 2024: Pacific Stage 1,Regular Season,Week 3,Global Esports vs Paper Rex,Global Esports,Paper Rex,0,2,Paper Rex won
Champions Tour 2024: Pacific Stage 1,Regular Season,Week 4,BLEED vs Paper Rex,BLEED,Paper Rex,0,2,Paper Rex won
Champions Tour 2024: Pacific Stage 1,Regular Season,Week 4,Global Esports vs DetonatioN FocusMe,Global Esports,DetonatioN FocusMe,2,1,Global Esports won
Champions Tour 2024: Pacific Stage 1,Regular Season,Week 4,T1 vs ZETA DIVISION,T1,ZETA DIVISION,2,1,T1 won
Champions Tour 2024: Pacific Stage 1,Regular Season,Week 4,Team Secret vs Talon Esports,Team Secret,Talon Esports,1,2,Talon Esports won
Champions Tour 2024: Pacific Stage 1,Regular Season,Week 4,BLEED vs DRX,BLEED,DRX,0,2,DRX won
Champions Tour 2024: Pacific Stage 1,Regular Season,Week 4,Gen.G vs Rex Regum Qeon,Gen.G,Rex Regum Qeon,1,2,Rex Regum Qeon won
Champions Tour 2024: Pacific Stage 1,Playoffs,Knockout Round,Team Secret vs T1,Team Secret,T1,0,2,T1 won
Champions Tour 2024: Pacific Stage 1,Playoffs,Knockout Round,Paper Rex vs Talon Esports,Paper Rex,Talon Esports,2,1,Paper Rex won
Champions Tour 2024: Pacific Stage 1,Playoffs,Upper Semifinals,Gen.G vs T1,Gen.G,T1,1,2,T1 won
Champions Tour 2024: Pacific Stage 1,Playoffs,Upper Semifinals,DRX vs Paper Rex,DRX,Paper Rex,1,2,Paper Rex won
Champions Tour 2024: Pacific Stage 1,Playoffs,Upper Final,T1 vs Paper Rex,T1,Paper Rex,0,2,Paper Rex won
Champions Tour 2024: Pacific Stage 1,Playoffs,Lower Round 1,Gen.G vs DRX,Gen.G,DRX,2,1,Gen.G won
Champions Tour 2024: Pacific Stage 1,Playoffs,Lower Final,T1 vs Gen.G,T1,Gen.G,0,3,Gen.G won
Champions Tour 2024: Pacific Stage 1,Playoffs,Grand Final,Paper Rex vs Gen.G,Paper Rex,Gen.G,3,2,Paper Rex won
Champions Tour 2024: Masters Madrid,Swiss Stage,Round 1,Karmine Corp vs FunPlus Phoenix,Karmine Corp,FunPlus Phoenix,2,0,Karmine Corp won
Champions Tour 2024: Masters Madrid,Swiss Stage,Round 1,Gen.G vs LOUD,Gen.G,LOUD,2,1,Gen.G won
Champions Tour 2024: Masters Madrid,Swiss Stage,Round 1,EDward Gaming vs Paper Rex,EDward Gaming,Paper Rex,2,1,EDward Gaming won
Champions Tour 2024: Masters Madrid,Swiss Stage,Round 1,Sentinels vs Team Heretics,Sentinels,Team Heretics,2,1,Sentinels won
Champions Tour 2024: Masters Madrid,Swiss Stage,Round 2,Sentinels vs Karmine Corp,Sentinels,Karmine Corp,2,0,Sentinels won
Champions Tour 2024: Masters Madrid,Swiss Stage,Round 2,EDward Gaming vs Gen.G,EDward Gaming,Gen.G,1,2,Gen.G won
Champions Tour 2024: Masters Madrid,Swiss Stage,Round 2,FunPlus Phoenix vs LOUD,FunPlus Phoenix,LOUD,0,2,LOUD won
Champions Tour 2024: Masters Madrid,Swiss Stage,Round 2,Team Heretics vs Paper Rex,Team Heretics,Paper Rex,1,2,Paper Rex won
Champions Tour 2024: Masters Madrid,Swiss Stage,Round 3,LOUD vs EDward Gaming,LOUD,EDward Gaming,2,0,LOUD won
Champions Tour 2024: Masters Madrid,Swiss Stage,Round 3,Karmine Corp vs Paper Rex,Karmine Corp,Paper Rex,1,2,Paper Rex won
Champions Tour 2024: Masters Madrid,Playoffs,Upper Semifinals,Gen.G vs Paper Rex,Gen.G,Paper Rex,2,0,Gen.G won
Champions Tour 2024: Masters Madrid,Playoffs,Upper Semifinals,Sentinels vs LOUD,Sentinels,LOUD,2,1,Sentinels won
Champions Tour 2024: Masters Madrid,Playoffs,Upper Final,Gen.G vs Sentinels,Gen.G,Sentinels,2,1,Gen.G won
Champions Tour 2024: Masters Madrid,Playoffs,Lower Round 1,Paper Rex vs LOUD,Paper Rex,LOUD,2,0,Paper Rex won
Champions Tour 2024: Masters Madrid,Playoffs,Lower Final,Sentinels vs Paper Rex,Sentinels,Paper Rex,3,1,Sentinels won
Champions Tour 2024: Masters Madrid,Playoffs,Grand Final,Gen.G vs Sentinels,Gen.G,Sentinels,2,3,Sentinels won
Champions Tour 2024: Americas Kickoff,Group Stage,Opening (A),NRG Esports vs FURIA,NRG Esports,FURIA,2,0,NRG Esports won
Champions Tour 2024: Americas Kickoff,Group Stage,Opening (A),Cloud9 vs MIBR,Cloud9,MIBR,2,1,Cloud9 won
Champions Tour 2024: Americas Kickoff,Group Stage,Opening (B),LOUD vs Sentinels,LOUD,Sentinels,2,0,LOUD won
Champions Tour 2024: Americas Kickoff,Group Stage,Opening (B),Leviatán vs 100 Thieves,Leviatán,100 Thieves,2,1,Leviatán won
Champions Tour 2024: Americas Kickoff,Group Stage,Opening (C),KRÜ Esports vs G2 Esports,KRÜ Esports,G2 Esports,1,2,G2 Esports won
Champions Tour 2024: Americas Kickoff,Group Stage,Elimination (A),FURIA vs MIBR,FURIA,MIBR,0,2,MIBR won
Champions Tour 2024: Americas Kickoff,Group Stage,Elimination (B),Sentinels vs 100 Thieves,Sentinels,100 Thieves,2,1,Sentinels won
Champions Tour 2024: Americas Kickoff,Group Stage,Winner's (A),NRG Esports vs Cloud9,NRG Esports,Cloud9,2,0,NRG Esports won
Champions Tour 2024: Americas Kickoff,Group Stage,Winner's (B),LOUD vs Leviatán,LOUD,Leviatán,2,1,LOUD won
Champions Tour 2024: Americas Kickoff,Group Stage,Winner's (C),G2 Esports vs Evil Geniuses,G2 Esports,Evil Geniuses,0,2,Evil Geniuses won
Champions Tour 2024: Americas Kickoff,Group Stage,Decider (A),Cloud9 vs MIBR,Cloud9,MIBR,0,2,MIBR won
Champions Tour 2024: Americas Kickoff,Group Stage,Decider (B),Leviatán vs Sentinels,Leviatán,Sentinels,1,2,Sentinels won
Champions Tour 2024: Americas Kickoff,Group Stage,Decider (C),G2 Esports vs KRÜ Esports,G2 Esports,KRÜ Esports,2,0,G2 Esports won
Champions Tour 2024: Americas Kickoff,Play-Ins,Play-ins,MIBR vs Sentinels,MIBR,Sentinels,0,2,Sentinels won
Champions Tour 2024: Americas Kickoff,Play-Ins,Play-ins,G2 Esports vs MIBR,G2 Esports,MIBR,1,2,MIBR won
Champions Tour 2024: Americas Kickoff,Play-Ins,Play-ins,Sentinels vs G2 Esports,Sentinels,G2 Esports,1,2,G2 Esports won
Champions Tour 2024: Americas Kickoff,Playoffs,Semifinals,Evil Geniuses vs LOUD,Evil Geniuses,LOUD,1,2,LOUD won
Champions Tour 2024: Americas Kickoff,Playoffs,Semifinals,NRG Esports vs Sentinels,NRG Esports,Sentinels,1,2,Sentinels won
Champions Tour 2024: Americas Kickoff,Playoffs,Grand Final,LOUD vs Sentinels,LOUD,Sentinels,2,3,Sentinels won
Champions Tour 2024: China Kickoff,Group Stage,Opening (A),Trace Esports vs TYLOO,Trace Esports,TYLOO,2,0,Trace Esports won
Champions Tour 2024: China Kickoff,Group Stage,Opening (A),FunPlus Phoenix vs Nova Esports,FunPlus Phoenix,Nova Esports,2,0,FunPlus Phoenix won
Champions Tour 2024: China Kickoff,Group Stage,Opening (B),JDG Esports vs Titan Esports Club,JDG Esports,Titan Esports Club,0,2,Titan Esports Club won
Champions Tour 2024: China Kickoff,Group Stage,Opening (B),Dragon Ranger Gaming vs All Gamers,Dragon Ranger Gaming,All Gamers,2,0,Dragon Ranger Gaming won
Champions Tour 2024: China Kickoff,Group Stage,Opening (C),Bilibili Gaming vs Wolves Esports,Bilibili Gaming,Wolves Esports,0,2,Wolves Esports won
Champions Tour 2024: China Kickoff,Group Stage,Elimination (A),TYLOO vs Nova Esports,TYLOO,Nova Esports,0,2,Nova Esports won
Champions Tour 2024: China Kickoff,Group Stage,Elimination (B),JDG Esports vs All Gamers,JDG Esports,All Gamers,2,0,JDG Esports won
Champions Tour 2024: China Kickoff,Group Stage,Winner's (A),Trace Esports vs FunPlus Phoenix,Trace Esports,FunPlus Phoenix,1,2,FunPlus Phoenix won
Champions Tour 2024: China Kickoff,Group Stage,Winner's (B),Titan Esports Club vs Dragon Ranger Gaming,Titan Esports Club,Dragon Ranger Gaming,1,2,Dragon Ranger Gaming won
Champions Tour 2024: China Kickoff,Group Stage,Winner's (C),Wolves Esports vs EDward Gaming,Wolves Esports,EDward Gaming,1,2,EDward Gaming won
Champions Tour 2024: China Kickoff,Group Stage,Decider (A),Trace Esports vs Nova Esports,Trace Esports,Nova Esports,2,0,Trace Esports won
Champions Tour 2024: China Kickoff,Group Stage,Decider (B),Titan Esports Club vs JDG Esports,Titan Esports Club,JDG Esports,2,1,Titan Esports Club won
Champions Tour 2024: China Kickoff,Group Stage,Decider (C),Wolves Esports vs Bilibili Gaming,Wolves Esports,Bilibili Gaming,0,2,Bilibili Gaming won
Champions Tour 2024: China Kickoff,Play-Ins,Round-Robin,Trace Esports vs Titan Esports Club,Trace Esports,Titan Esports Club,2,1,Trace Esports won
Champions Tour 2024: China Kickoff,Play-Ins,Round-Robin,Bilibili Gaming vs Titan Esports Club,Bilibili Gaming,Titan Esports Club,2,0,Bilibili Gaming won
Champions Tour 2024: China Kickoff,Play-Ins,Round-Robin,Bilibili Gaming vs Trace Esports,Bilibili Gaming,Trace Esports,1,2,Trace Esports won
Champions Tour 2024: China Kickoff,Playoffs,Semifinals,FunPlus Phoenix vs Dragon Ranger Gaming,FunPlus Phoenix,Dragon Ranger Gaming,2,0,FunPlus Phoenix won
Champions Tour 2024: China Kickoff,Playoffs,Semifinals,EDward Gaming vs Trace Esports,EDward Gaming,Trace Esports,2,0,EDward Gaming won
Champions Tour 2024: China Kickoff,Playoffs,Grand Final,FunPlus Phoenix vs EDward Gaming,FunPlus Phoenix,EDward Gaming,1,3,EDward Gaming won
Champions Tour 2024: EMEA Kickoff,Group Stage,Opening (A),FUT Esports vs Team Heretics,FUT Esports,Team Heretics,0,2,Team Heretics won
Champions Tour 2024: EMEA Kickoff,Group Stage,Opening (A),GIANTX vs Karmine Corp,GIANTX,Karmine Corp,1,2,Karmine Corp won
Champions Tour 2024: EMEA Kickoff,Group Stage,Opening (B),Natus Vincere vs BBL Esports,Natus Vincere,BBL Esports,2,1,Natus Vincere won
Champions Tour 2024: EMEA Kickoff,Group Stage,Opening (B),Team Liquid vs KOI,Team Liquid,KOI,2,0,Team Liquid won
Champions Tour 2024: EMEA Kickoff,Group Stage,Opening (C),Team Vitality vs Gentle Mates,Team Vitality,Gentle Mates,2,0,Team Vitality won
Champions Tour 2024: EMEA Kickoff,Group Stage,Winner's (A),Team Heretics vs Karmine Corp,Team Heretics,Karmine Corp,2,0,Team Heretics won
Champions Tour 2024: EMEA Kickoff,Group Stage,Elimination (A),FUT Esports vs GIANTX,FUT Esports,GIANTX,2,1,FUT Esports won
Champions Tour 2024: EMEA Kickoff,Group Stage,Winner's (B),Natus Vincere vs Team Liquid,Natus Vincere,Team Liquid,2,0,Natus Vincere won
Champions Tour 2024: EMEA Kickoff,Group Stage,Elimination (B),BBL Esports vs KOI,BBL Esports,KOI,0,2,KOI won
Champions Tour 2024: EMEA Kickoff,Group Stage,Winner's (C),Team Vitality vs FNATIC,Team Vitality,FNATIC,0,2,FNATIC won
Champions Tour 2024: EMEA Kickoff,Group Stage,Decider (C),Team Vitality vs Gentle Mates,Team Vitality,Gentle Mates,2,1,Team Vitality won
Champions Tour 2024: EMEA Kickoff,Group Stage,Decider (A),Karmine Corp vs FUT Esports,Karmine Corp,FUT Esports,2,1,Karmine Corp won
Champions Tour 2024: EMEA Kickoff,Group Stage,Decider (B),Team Liquid vs KOI,Team Liquid,KOI,1,2,KOI won
Champions Tour 2024: EMEA Kickoff,Play-In Stage,Play-ins,Karmine Corp vs Team Vitality,Karmine Corp,Team Vitality,2,0,Karmine Corp won
Champions Tour 2024: EMEA Kickoff,Play-In Stage,Play-ins,KOI vs Team Vitality,KOI,Team Vitality,0,2,Team Vitality won
Champions Tour 2024: EMEA Kickoff,Play-In Stage,Play-ins,Karmine Corp vs KOI,Karmine Corp,KOI,2,0,Karmine Corp won
Champions Tour 2024: EMEA Kickoff,Playoffs,Semifinals,Team Heretics vs Natus Vincere,Team Heretics,Natus Vincere,2,0,Team Heretics won
Champions Tour 2024: EMEA Kickoff,Playoffs,Semifinals,FNATIC vs Karmine Corp,FNATIC,Karmine Corp,0,2,Karmine Corp won
Champions Tour 2024: EMEA Kickoff,Playoffs,Grand Final,Team Heretics vs Karmine Corp,Team Heretics,Karmine Corp,1,3,Karmine Corp won
Champions Tour 2024: Pacific Kickoff,Group Stage,Opening (A),T1 vs BLEED,T1,BLEED,2,0,T1 won
Champions Tour 2024: Pacific Kickoff,Group Stage,Opening (C),Gen.G vs Rex Regum Qeon,Gen.G,Rex Regum Qeon,2,1,Gen.G won
Champions Tour 2024: Pacific Kickoff,Group Stage,Opening (A),ZETA DIVISION vs Global Esports,ZETA DIVISION,Global Esports,2,0,ZETA DIVISION won
Champions Tour 2024: Pacific Kickoff,Group Stage,Opening (B),Team Secret vs Talon Esports,Team Secret,Talon Esports,0,2,Talon Esports won
Champions Tour 2024: Pacific Kickoff,Group Stage,Opening (B),DRX vs DetonatioN FocusMe,DRX,DetonatioN FocusMe,2,0,DRX won
Champions Tour 2024: Pacific Kickoff,Group Stage,Winner's (C),Gen.G vs Paper Rex,Gen.G,Paper Rex,1,2,Paper Rex won
Champions Tour 2024: Pacific Kickoff,Group Stage,Elimination (A),BLEED vs Global Esports,BLEED,Global Esports,1,2,Global Esports won
Champions Tour 2024: Pacific Kickoff,Group Stage,Winner's (A),T1 vs ZETA DIVISION,T1,ZETA DIVISION,2,1,T1 won
Champions Tour 2024: Pacific Kickoff,Group Stage,Elimination (B),DetonatioN FocusMe vs Team Secret,DetonatioN FocusMe,Team Secret,0,2,Team Secret won
Champions Tour 2024: Pacific Kickoff,Group Stage,Winner's (B),DRX vs Talon Esports,DRX,Talon Esports,2,0,DRX won
Champions Tour 2024: Pacific Kickoff,Group Stage,Decider (C),Gen.G vs Rex Regum Qeon,Gen.G,Rex Regum Qeon,2,1,Gen.G won
Champions Tour 2024: Pacific Kickoff,Group Stage,Decider (B),Talon Esports vs Team Secret,Talon Esports,Team Secret,0,2,Team Secret won
Champions Tour 2024: Pacific Kickoff,Group Stage,Decider (A),ZETA DIVISION vs Global Esports,ZETA DIVISION,Global Esports,2,0,ZETA DIVISION won
Champions Tour 2024: Pacific Kickoff,Play-Ins,Play-ins,Team Secret vs Gen.G,Team Secret,Gen.G,1,2,Gen.G won
Champions Tour 2024: Pacific Kickoff,Play-Ins,Play-ins,ZETA DIVISION vs Team Secret,ZETA DIVISION,Team Secret,0,2,Team Secret won
Champions Tour 2024: Pacific Kickoff,Play-Ins,Play-ins,Gen.G vs ZETA DIVISION,Gen.G,ZETA DIVISION,2,0,Gen.G won
Champions Tour 2024: Pacific Kickoff,Playoffs,Semifinals,T1 vs Paper Rex,T1,Paper Rex,0,2,Paper Rex won
Champions Tour 2024: Pacific Kickoff,Playoffs,Semifinals,DRX vs Gen.G,DRX,Gen.G,0,2,Gen.G won
Champions Tour 2024: Pacific Kickoff,Playoffs,Grand Final,Paper Rex vs Gen.G,Paper Rex,Gen.G,1,3,Gen.G won
